,Unnamed: 0,question,answer,chapter,complexity,prediction,bert_score,rouge_score
0,0,O que é o conselho diretor?,"O conselho diretor é um órgão angariador de recursos, supervisor da gestão econômico-financeira e responsável principal pelas relações entre a Universidade e a Comunidade",t2c1,short,"O Conselho Diretor é um órgão responsável pela administração da Fundação, sendo encarregado de angariar recursos, supervisionar a gestão econômico-financeira e ser o principal responsável pelas relações entre a Universidade e a Comunidade.","(tensor([0.8463]), tensor([0.9136]), tensor([0.8787]))","{'rouge-1': {'r': 0.8181818181818182, 'p': 0.6206896551724138, 'f': 0.7058823480353712}, 'rouge-2': {'r': 0.4782608695652174, 'p': 0.34375, 'f': 0.39999999513388435}, 'rouge-l': {'r': 0.7272727272727273, 'p': 0.5517241379310345, 'f': 0.6274509754863514}}"
1,1,Quanto ganha o conselho diretor?,"Os membros do Conselho Diretor não terão direito a remuneração, podendo, entretanto, perceber jeton, diárias e transporte, quando necessário, conforme dispuser o Regimento da Fundação",t2c1,short,"Os membros do Conselho Diretor não têm direito a remuneração, mas podem receber jeton, diárias e transporte quando necessário, de acordo com o Regimento da Fundação.","(tensor([0.8909]), tensor([0.8626]), tensor([0.8765]))","{'rouge-1': {'r': 0.72, 'p': 0.6923076923076923, 'f': 0.7058823479430989}, 'rouge-2': {'r': 0.5416666666666666, 'p': 0.52, 'f': 0.5306122399000418}, 'rouge-l': {'r': 0.72, 'p': 0.6923076923076923, 'f': 0.7058823479430989}}"
2,2,Quem faz parte do conselho universitário?,"Integram o Conselho Universitário: I o Reitor, seu Presidente; II o Vice-Reitor; III os Pró-Reitores; IV os Diretores das Unidades Universitárias; V dois representantes dos órgãos de Segundo Grau; VI dois representantes de cada classe da carreira do magistério; VII dois representantes dos auxiliares de ensino; VIII dois coordenadores do Conselho Coordenador do Ensino da Pesquisa e da Extensão ; IX três representantes designados pelo Conselho Diretor da Fundação, dentre nomes que lhe sejam indicados pela comunidade;X representação Discente, na forma da lei; XI sete representantes do servidores Técnico-Administrativos.",t2c2,medium,"O Conselho Universitário é composto pelo Reitor (que também é o Presidente do Conselho), Vice-Reitor, Pró-Reitores, Diretores das Unidades Universitárias, representantes dos órgãos de Segundo Grau, representantes de cada classe da carreira do magistério, representantes dos auxiliares de ensino, coordenadores do Conselho Coordenador do Ensino da Pesquisa e da Extensão, representantes designados pelo Conselho Diretor da Fundação, representação Discente e representantes dos servidores Técnico-Administrativos.","(tensor([0.8698]), tensor([0.7951]), tensor([0.8308]))","{'rouge-1': {'r': 0.417910447761194, 'p': 0.6222222222222222, 'f': 0.499999995192921}, 'rouge-2': {'r': 0.35294117647058826, 'p': 0.4918032786885246, 'f': 0.41095889924469886}, 'rouge-l': {'r': 0.417910447761194, 'p': 0.6222222222222222, 'f': 0.499999995192921}}"
3,3,Quanto tempo dura o mandato do Conselho Coordenador do Ensino da Pesquisa e da Extensão?,"Os mandatos dos conselheiros previsto nos itens III e IV terão o prazo de 2 dois anos, podendo ser reconduzidos e os dos previstos no item V, coincidirão com o prazo de mandato eleitoral discente.",t2c3,short,O mandato do Conselho Coordenador do Ensino da Pesquisa e da Extensão tem a duração de dois anos.,"(tensor([0.6877]), tensor([0.5663]), tensor([0.6211]))","{'rouge-1': {'r': 0.13333333333333333, 'p': 0.25, 'f': 0.173913038941399}, 'rouge-2': {'r': 0.0, 'p': 0.0, 'f': 0.0}, 'rouge-l': {'r': 0.1, 'p': 0.1875, 'f': 0.13043477807183385}}"
4,4,O que é necessário para marcar as sessões do conselho superior?,"A convocação para as sessões ordinárias e extraordinárias será feita com antecedência mínima de 24(vinte e quatro) horas pela respectiva Secretaria, mediante ofício entregue pessoalmente, contendo a matéria da ordem do dia e cópia da ata da sessão anterior.",t2c4,short,"Para marcar as sessões do Conselho Superior, é necessário que o respectivo Presidente ou 2/3 (dois terços) da totalidade de seus membros façam uma petição fundamentada e devidamente assinada, dirigida à Presidência do Conselho. Caso o Presidente se recuse a convocar a sessão, ela poderá ser convocada pelo seu substituto legal ou pelo Conselheiro mais antigo no magistério da Universidade, sucessivamente, e no caso de idêntica antiguidade, pelo mais idoso.","(tensor([0.5888]), tensor([0.6424]), tensor([0.6145]))","{'rouge-1': {'r': 0.2, 'p': 0.12280701754385964, 'f': 0.15217390832939523}, 'rouge-2': {'r': 0.02631578947368421, 'p': 0.014705882352941176, 'f': 0.018867919928801404}, 'rouge-l': {'r': 0.2, 'p': 0.12280701754385964, 'f': 0.15217390832939523}}"
5,5,Quanto tempo os relatores tem para lavratura de seus pareceres?,"Os relatores terão o prazo máximo de 20(vinte) dias para lavratura de seus pareceres, quando obrigatoriamente deverão devolver os processos, a fim de que sejam tomadas as providências cabíveis a espécies",t2c4,short,Os relatores têm o prazo máximo de 20 (vinte) dias para lavratura de seus pareceres.,"(tensor([0.9294]), tensor([0.7333]), tensor([0.8198]))","{'rouge-1': {'r': 0.35714285714285715, 'p': 0.7142857142857143, 'f': 0.47619047174603185}, 'rouge-2': {'r': 0.26666666666666666, 'p': 0.5714285714285714, 'f': 0.3636363592975207}, 'rouge-l': {'r': 0.35714285714285715, 'p': 0.7142857142857143, 'f': 0.47619047174603185}}"
6,6,Qual a atribuição do Secretário dos Conselhos Superiores da Universidade,I processar o expediente dos Conselhos; II redigir e enviar a correspondência; III organizar a ordem do dia das sessões; IV expedir e fazer entregar as convocações com a antecedência mínima prevista neste Regimento; V organizar e manter em ordem os arquivos; VI secretariar as sessões; VII assessorar as Comissões; VIII lavrar as atas; IX enviar as decisões para publicação no Boletim da Universidade; X providenciar na publicação da ata; XI exercer as demais atribuições conexas com suas funções.,t2c5,short,"A atribuição do Secretário dos Conselhos Superiores da Universidade é processar o expediente dos Conselhos, redigir e enviar a correspondência, organizar a ordem do dia das sessões, expedir e fazer entregar as convocações, organizar e manter em ordem os arquivos, secretariar as sessões, assessorar as Comissões, lavrar as atas, enviar as decisões para publicação no Boletim da Universidade e providenciar na publicação da ata.","(tensor([0.8839]), tensor([0.8273]), tensor([0.8546]))","{'rouge-1': {'r': 0.49206349206349204, 'p': 0.6739130434782609, 'f': 0.5688073345711641}, 'rouge-2': {'r': 0.4230769230769231, 'p': 0.532258064516129, 'f': 0.47142856649387754}, 'rouge-l': {'r': 0.49206349206349204, 'p': 0.6739130434782609, 'f': 0.5688073345711641}}"
7,7,O que acontece quando há vacância no cargo de reitor e vice-reitor,"Vagando ambos os cargos, a Reitoria será exercida pelo professor mais antigo na carreira do magistério , dentre os membros do Conselho Universitário e, em caso de idêntica antigüidade, pelo mais idoso, o qual procederá na forma do artigo anterior.",t2c6,short,"Quando há vacância no cargo de reitor e vice-reitor, a Reitoria será exercida pelo professor mais antigo na carreira do magistério, dentre os membros do Conselho Universitário. Em caso de idêntica antiguidade, a Reitoria será exercida pelo professor mais idoso.","(tensor([0.7733]), tensor([0.7800]), tensor([0.7766]))","{'rouge-1': {'r': 0.5588235294117647, 'p': 0.6129032258064516, 'f': 0.5846153796260355}, 'rouge-2': {'r': 0.4358974358974359, 'p': 0.5151515151515151, 'f': 0.47222221725694447}, 'rouge-l': {'r': 0.47058823529411764, 'p': 0.5161290322580645, 'f': 0.4923076873183432}}"
8,8,Quais as atribuições da Pró-Reitoria de Graduação?,"Art.65 – A Pró-Reitoria de Graduação, exercida pelo Pró-Reitor respectivo, compreende os órgãos responsáveis pelos serviços gerais de natureza escolar e assistência estudantil, cabendo-lhe entre outras atribuições, as seguintes: I Executar a política definida pelo Conselho Coordenador do Ensino da Pesquisa e da Extensão, em matéria de graduação; II promover a integração das atividades de ensino de graduação; III orientar e coordenar as atividades acadêmicas de graduação, respeitada a competência de outros órgãos; IV praticar os atos acadêmicos vinculados a graduação; V proceder a coleta sistemática e permanente de dados capazes de permitir a avaliação quantitativa e qualitativa do ensino de graduação;l VI manter estreita vinculação com os demais órgãos da Universidade, fornecendo-lhes subsídios para o desenvolvimento de suas atividades; VII elaborar e coordenar estudos especializados, no âmbito de graduação; VIII elaborar e manter atualizado o catálago dos cursos de graduação IX tomar providências que facilitem a administração de recursos orçamentários postos a disposição do ensino de graduação; X elaborar e manter atualizado o cadastro do corpo docente da Universidade; XI opinar sobre admissão de docentes; XII propor ao Reitor a realização de concursos para provimento do magistério superior; XIII programar e organizar os atos de colação de grau; XIV organizar e manter atualizados os registros dos cursos e atividades escolares; XV manter o serviço central de matrícula, com cadastro da vida escolar do aluno;XVI manter e aperfeiçoar o setor de registro de diplomas; XVII incentivar a execução de programas que visem à formação cívica nos cursos de graduação; XVIII elaborar, anualmente, o calendário escolar, em conjunto com a Pró-Reitoria de Pesquisa e Pós-Graduação; XIX executar a política definida pelos órgãos superiores na área de assistência à comunidade universitária; XX propiciar os meios indispensáveis à realização do bem estar da comunidade universitária;XXI distribuir e controlar as verbas destinadas aos órgãos estudatís; XXII estabelecer normas, convocar e supervisionar eleições dos representantes do corpo discente para os órgãos de deliberação coletiva da instituição; XXIII coordenar e manter contato com a representação estudantil naquilo que não for da competência dos mesmos; XXIV organizar e supervisionar os serviços de alojamento, alimentação e recreação do corpo discente; XXV promover a distribuição de bolsas-trabalho, estágios e empregos ao corpo discente; XXVI manter o cadastro de oportunidades de estágios na Universidade empresas e órgãos públicos; XXVII prestar informações e divulgar entre o corpo discente as oportunidades de emprego; XXVIII manter o cadastro de candidatos a bolsas, estágios e empregos; XXIX administrar o plano de benefícios aos estudantes carentes; XXX apurar as condições sócio-econômicas dos estudantes.",t2c6,long,"As atribuições da Pró-Reitoria de Graduação são: 
- Executar a política definida pelo Conselho Coordenador do Ensino da Pesquisa e da Extensão, em matéria de graduação;
- Promover a integração das atividades de ensino de graduação;
- Orientar e coordenar as atividades acadêmicas de graduação, respeitada a competência de outros órgãos;
- Praticar os atos acadêmicos vinculados à graduação;
- Proceder a coleta sistemática e permanente de dados capazes de permitir a avaliação quantitativa e qualitativa do ensino de graduação;
- Manter estreita vinculação com os demais órgãos da Universidade, fornecendo-lhes subsídios para o desenvolvimento de suas atividades;
- Elaborar e coordenar estudos especializados, no âmbito de graduação;
- Elaborar e manter atualizado o catálogo dos cursos de graduação;
- Tomar providências que facilitem a administração de recursos orçamentários postos à disposição do ensino de graduação;
- Elaborar e manter atualizado o cadastro do corpo docente da Universidade;
- Opinar sobre admissão de docentes;
- Propor ao Reitor a realização de concursos para provimento do magistério superior;
- Programar e organizar os atos de colação de grau;
- Organizar e manter atualizados os registros dos cursos e atividades.","(tensor([0.9039]), tensor([0.8810]), tensor([0.8923]))","{'rouge-1': {'r': 0.38493723849372385, 'p': 0.8440366972477065, 'f': 0.5287356278816554}, 'rouge-2': {'r': 0.3157894736842105, 'p': 0.7407407407407407, 'f': 0.44280442385316116}, 'rouge-l': {'r': 0.3807531380753138, 'p': 0.8348623853211009, 'f': 0.5229885014448739}}"
9,9,O que é um departamento dentro da universidade?,"Os Departamentos, reunidos ou não em unidades mais amplas, constituem a menor fração da estrutura universitária para todos os efeitos de organização administrativa, didático-científica e de distribuição de pessoal.",t3c1,short,"Um departamento dentro da universidade é uma unidade organizacional que compreende um corpo docente, pessoal técnico-científico e auxiliares, instalações e recursos materiais, serviços de pessoal e administração. Ele é responsável por ministrar o ensino e realizar a pesquisa em seu setor, de forma a satisfazer os interesses científicos e culturais de seu pessoal docente.","(tensor([0.6362]), tensor([0.6784]), tensor([0.6566]))","{'rouge-1': {'r': 0.25925925925925924, 'p': 0.16279069767441862, 'f': 0.1999999952612246}, 'rouge-2': {'r': 0.03571428571428571, 'p': 0.018867924528301886, 'f': 0.024691353500991532}, 'rouge-l': {'r': 0.25925925925925924, 'p': 0.16279069767441862, 'f': 0.1999999952612246}}"
10,10,Quais as atribuilções de um departamento?,"§ 1º – Ao Departamento competirá, especialmente: a) eleger em votação secreta, os integrantes das listas tríplices de que serão escolhidos os respectivos chefe e subchefe; b) elaborar os seus planos de trabalho e a parte que lhe competir no plano anual de atividades universitárias; c) atribuir encargos de ensino, pesquisa e extensão ao pessoal docente que o integre, respeitadas as especializações; d) coordenar o trabalho do pessoal docente, visando a unidade e eficiência do ensino, da pesquisa e extensão; e) adotar ou sugerir, quando for o caso, as providências de ordem didática, científica e administrativa que julgar aconselháveis a boa marcha de seus trabalhos; f) elaborar a lista de ofertas das disciplinas de sua área de atuação, com seus respectivos planos de ensino e programas de concursos docentes; g) aprovar os projetos de pesquisa e os planos de concursos de pós-graduação, de especialização, aperfeiçoamento e extensão que se situem no seu âmbito de atuação; h) adotar providências para o constante aperfeiçoamento de seu pessoal docente; i) emitir pareceres em assuntos de sua competência; j) propor pelo voto de 2/3 (dois terços) de seus membros o afastamento ou a destituição do respectivo chefe; l) propor a admissão do pessoal docente, observadas as disposições estatutárias e regimentais pertinentes; m) todo o pessoal docente participará das reuniões dos Departamentos obrigatoriamente; n) cada Departamento terá um representante discente, matriculado pelo menos em uma de suas disciplinas.",t3c1,medium,"As atribuições de um departamento são: ministrar o ensino e realizar a pesquisa em seu setor, satisfazendo os interesses científicos e culturais de seu pessoal docente; administrar e representar o departamento; convocar e presidir as reuniões do departamento; submeter o plano das atividades a serem desenvolvidas em cada período letivo à consideração do departamento; fiscalizar a observância do regime escolar, o cumprimento dos programas de ensino e a execução dos demais planos de trabalho; verificar a frequência do pessoal lotado no departamento e comunicá-la ao diretor da unidade; coordenar os cursos de pós-graduação, aperfeiçoamento e extensão, bem como os projetos de pesquisa do departamento; assinar os certificados correspondentes aos cursos mencionados e a disciplinas isoladas; zelar pela ordem no âmbito do departamento e adotar as medidas necessárias para isso; apresentar ao diretor da unidade, após a apreciação do departamento, o relatório das atividades departamentais e sugerir providências para a maior eficiência dos trabalhos; cumprir e fazer cumprir as deliberações do departamento, bem como os atos e decisões dos órgãos a que esteja subordinado; cumprir e fazer cumprir as disposições do Estatuto e dos Regimentos universitários; solicitar recursos em pessoal e material ao órgão competente da administração universitária; adotar medidas de competência do departamento em casos de urgência, submetendo o ato à ratificação do departamento dentro de um prazo de três dias; distribuir e redistribuir o pessoal técnico-administrativo no departamento.","(tensor([0.6890]), tensor([0.6814]), tensor([0.6852]))","{'rouge-1': {'r': 0.2653061224489796, 'p': 0.29770992366412213, 'f': 0.28057553458490764}, 'rouge-2': {'r': 0.07692307692307693, 'p': 0.08133971291866028, 'f': 0.0790697624457548}, 'rouge-l': {'r': 0.12244897959183673, 'p': 0.13740458015267176, 'f': 0.12949639789426032}}"
11,11,O que é um instituto?,Os institutos são unidades que atuam no domínio dos conhecimentos fundamentais.,t3c2,short,Um instituto é uma unidade que atua no domínio dos conhecimentos fundamentais.,"(tensor([0.8960]), tensor([0.8771]), tensor([0.8864]))","{'rouge-1': {'r': 0.5454545454545454, 'p': 0.5, 'f': 0.5217391254442345}, 'rouge-2': {'r': 0.4, 'p': 0.36363636363636365, 'f': 0.3809523759637189}, 'rouge-l': {'r': 0.5454545454545454, 'p': 0.5, 'f': 0.5217391254442345}}"
12,12,Quais são os institutos da UFPel?,os Institutos da Universidade Federal de Pelotas: I Instituto de Letras e Artes; II Instituto de Biologia; III Instituto de Ciências Humanas; IV Instituto de Física e Matemática; V Instituto de Química e Geociências; VI Instituto de Sociologia e Política.,t3c2,short,"Os institutos da UFPel são: 
- Instituto de Letras e Artes
- Instituto de Biologia
- Instituto de Ciências Humanas
- Instituto de Física e Matemática
- Instituto de Química e Geociências
- Instituto de Sociologia e Política","(tensor([0.8326]), tensor([0.8396]), tensor([0.8361]))","{'rouge-1': {'r': 0.38461538461538464, 'p': 0.5, 'f': 0.4347826037807184}, 'rouge-2': {'r': 0.3235294117647059, 'p': 0.4074074074074074, 'f': 0.3606557327707606}, 'rouge-l': {'r': 0.38461538461538464, 'p': 0.5, 'f': 0.4347826037807184}}"
13,13,Quais são as faculdades e escolas da UFPel?,as Faculdades e Escolas da Universidade: I Faculdade de Agronomia Eliseu Maciel; II Faculdade de Odontologia; III Faculdade de Direito; IV Faculdade de Veterinária; V Faculdade de Ciências Domésticas; VI Faculdade de Medicina; VII Faculdade de Educação; VIII Faculdade de Arquitetura e Urbanismo; IX Faculdade de Engenharia Agrícola; X Faculdade de Nutrição; XI Faculdade de Meteorologia; XII Faculdade de Enfermagem e Obstetrícia; XIII Conservatório de Música; XIV Escola Superior de Educação Física;,t3c3,medium,Não há informações no contexto fornecido sobre as faculdades e escolas da UFPel.,"(tensor([0.5842]), tensor([0.4326]), tensor([0.4971]))","{'rouge-1': {'r': 0.06521739130434782, 'p': 0.23076923076923078, 'f': 0.10169491181844309}, 'rouge-2': {'r': 0.0, 'p': 0.0, 'f': 0.0}, 'rouge-l': {'r': 0.06521739130434782, 'p': 0.23076923076923078, 'f': 0.10169491181844309}}"
14,14,Quais as atribuições do conselho departamental?,"Compete ao Conselho Departamental : I elaborar o Regimento da Unidade, encaminhando-o ao Conselho Coordenador do Ensino da Pesquisa e da Extensão, para parecer, e ao Conselho Universitário para aprovação; II apreciar os Regimentos dos Departamentos e órgãos auxiliares, encaminhados pela Direção; III opinar sobre convênios e aceitação de legados ou doações em benefício da Unidade; IV coordenar os planos de trabalho propostos pelos Departamentos; V sugerir medidas e providências relativas ao ensino e à pesquisa; VI propor, mediante voto secreto de 2/3 (dois terços) de seus integrantes, ao Conselho Universitário , para consideração da autoridade superior a destituição do Diretor e ou do Vice-Diretor; VII pronunciar-se sobre qualquer assunto relativo à organização universitária e aos interesses da Unidade ; VIII elaborar, com base na manifestação dos Departamentos, dos recursos orçamentários da Unidade , para apreciação dos órgãos superiores da Unidade; IX promover a distribuição entre os Departamentos, dos recursos orçamentários, instalações, material e pessoal auxiliar de que dispuser a Unidade ; X deliberar sobre as propostas dos Departamentos; XI apreciar, na área de sua competência e em primeira instância, os recursos do Departamento ; XII opinar sobre criação, fusão ou desdobramento de Departamentos; XIII emitir normas unificadoras sobre funcionamento dos Departamentos e sobre o desempenho das funções de chefia; XIV deliberar sobre a prestação de contas do Diretório Acadêmico; XV assessorar o Diretor em todas as tarefas de organização e direção da Unidade ; XVI desempenhar todas as atribuições que lhe forem cometidas por lei; XVII conferir diploma de habilitação profissional em reunião com o respectivo Colegiado de Curso, sob a presidência do Diretor ou Coordenador do Curso; XVIII aprovar, anualmente, as indicações dos Departamentos relativos às designações dos docentes responsáveis por disciplinas; XIX aplicar as sanções disciplinares de sua competência; XX promover o desenvolvimento da pesquisa departamental e a sua articulação com o ensino, utilizando todos os meios e recursos necessários à consecução de seus fins; XXI propor motivadamente à Direção da Unidade a admissão, demissão e remanejamento de auxiliares de ensino e demais funcionários, dos Departamentos por proposta destes; XXII aprovar o plano de aplicação de recursos elaborados pelos Departamentos , referentes às verbas liberadas pela Direção; XXIII organizar os horários das provas finais e compatibilizar os horários de avaliações.",t3c4,long,"As atribuições do Conselho Departamental são: elaborar o Regimento da Unidade, apreciar os Regimentos dos Departamentos e órgãos auxiliares, opinar sobre convênios e aceitação de legados ou doações em benefício da Unidade, coordenar os planos de trabalho propostos pelos Departamentos, sugerir medidas e providências relativas ao ensino e à pesquisa, propor a destituição do Diretor e/ou Vice-Diretor, pronunciar-se sobre assuntos relacionados à organização universitária e aos interesses da Unidade, elaborar o orçamento da Unidade com base na manifestação dos Departamentos, promover a distribuição de recursos orçamentários, instalações, material e pessoal auxiliar entre os Departamentos, deliberar sobre as propostas dos Departamentos e apreciar recursos do Departamento em primeira instância.","(tensor([0.8354]), tensor([0.7356]), tensor([0.7823]))","{'rouge-1': {'r': 0.3090909090909091, 'p': 0.8831168831168831, 'f': 0.45791245407158004}, 'rouge-2': {'r': 0.2063953488372093, 'p': 0.696078431372549, 'f': 0.31838564669629393}, 'rouge-l': {'r': 0.2909090909090909, 'p': 0.8311688311688312, 'f': 0.4309764271355532}}"
15,15,O que são orgãos suplementares?,"São Órgãos Suplementares, sem prejuízo de outros que venham a ser criados, ou incorporados, nos termos do artigo 15 do Decreto nº 65.881, de 16 de dezembro de 1969: I a Estação Experimental de Piratini; II a Estação Experimental da Palma; III o Centro de Treinamento do Sul IV a Gráfica Universitária; V a Biblioteca Central; VI o Museu; VII a Casa para Estudante; VIII o Refeitório Estudantil; IX o Centro Esportivo; X o Núcleo de Processamento de Dados; XI o Sistema de Apropriação de custos; XII o Coral da Universidade; XIII o Biotério; XIV o Centro de  Educativa; XV o Centro Rural Universitário de Treinamento e Ação Comunitária XVI o Teatro Universitário; XVII a Colônia de Férias; XVIII a Estação Agro-Climatológica; XIX o Hospital de Clínicas Veterinária.",t4c1,medium,"Órgãos suplementares são unidades ou instituições que fazem parte da estrutura da Universidade Federal de Pelotas, além das unidades universitárias. Eles são responsáveis por atividades específicas, como a Estação Experimental de Piratini, a Biblioteca Central, o Museu, entre outros.","(tensor([0.6658]), tensor([0.5696]), tensor([0.6140]))","{'rouge-1': {'r': 0.125, 'p': 0.3235294117647059, 'f': 0.1803278648320345}, 'rouge-2': {'r': 0.03333333333333333, 'p': 0.10526315789473684, 'f': 0.05063290773914463}, 'rouge-l': {'r': 0.10227272727272728, 'p': 0.2647058823529412, 'f': 0.14754097958613285}}"
16,16,Como a UFPel escolhe os cursos?,"A Universidade Federal de Pelotas, manterá cursos de modalidades diversas, quanto à natureza e conteúdo de seus estudos, correspondendo a profissões reguladas em lei ou em obediência às solicitações do mercado de trabalho.",t5c1,short,O texto não menciona como a UFPel escolhe os cursos.,"(tensor([0.6105]), tensor([0.5729]), tensor([0.5911]))","{'rouge-1': {'r': 0.06896551724137931, 'p': 0.2, 'f': 0.10256409875082198}, 'rouge-2': {'r': 0.0, 'p': 0.0, 'f': 0.0}, 'rouge-l': {'r': 0.034482758620689655, 'p': 0.1, 'f': 0.05128204746877083}}"
17,17,Como é dividido o curso de graduação?,Cada curso de duração regular compreenderá um primeiro ciclo de formação básica e um segundo ciclo de formação profissional.,t5c2,short,O curso de graduação é dividido em um primeiro ciclo de formação básica e um segundo ciclo de formação profissional.,"(tensor([0.8960]), tensor([0.8718]), tensor([0.8838]))","{'rouge-1': {'r': 0.7142857142857143, 'p': 0.6666666666666666, 'f': 0.6896551674197384}, 'rouge-2': {'r': 0.6875, 'p': 0.6470588235294118, 'f': 0.6666666616712582}, 'rouge-l': {'r': 0.7142857142857143, 'p': 0.6666666666666666, 'f': 0.6896551674197384}}"
18,18,É possível um aluno de outro curso ingressar no mestrado?,"I o mesmo curso poderá receber candidatos provenientes de cursos de graduação diversos, desde que apresentem afinidades com o setor de estudos a ser desenvolvidos;",t5c3,short,"Não é possível afirmar com certeza com base apenas no contexto fornecido. O texto menciona que o candidato que completar as exigências dos cursos de mestrado será conferido o diploma correspondente, mas não especifica se é permitido que alunos de outros cursos ingressem no mestrado.","(tensor([0.5801]), tensor([0.6310]), tensor([0.6045]))","{'rouge-1': {'r': 0.22727272727272727, 'p': 0.1388888888888889, 'f': 0.17241378839476829}, 'rouge-2': {'r': 0.041666666666666664, 'p': 0.022727272727272728, 'f': 0.02941176013840902}, 'rouge-l': {'r': 0.18181818181818182, 'p': 0.1111111111111111, 'f': 0.13793102977407862}}"
19,19,O que é um curso de extensão?,"Os cursos de extensão serão oferecidos ao público geral, com propósito de divulgar conhecimento e técnicas de trabalho, podendo desenvolver-se em nível universitário ou não, de acordo com o seu conteúdo e o sentido que assumam em cada caso.",t5c4,short,"Um curso de extensão é um programa oferecido por uma universidade com o objetivo de divulgar conhecimento e técnicas de trabalho para o público em geral. Ele pode ser desenvolvido em nível universitário ou não, dependendo do conteúdo e do propósito do curso.","(tensor([0.7938]), tensor([0.7987]), tensor([0.7962]))","{'rouge-1': {'r': 0.5, 'p': 0.45714285714285713, 'f': 0.477611935308532}, 'rouge-2': {'r': 0.3157894736842105, 'p': 0.2857142857142857, 'f': 0.2999999950125001}, 'rouge-l': {'r': 0.4375, 'p': 0.4, 'f': 0.4179104427712186}}"
20,20,O que é um curso de especialização?,"Os cursos de especialização e aperfeiçoamento, ministrados sem caráter permanente pela Universidade, têm objetivo ténico-profissional, sem abranger o campo total do saber em que se insere a especialidade e se destinam ao treinamento de graduados de nível superior em setores de que se compõe um ramo profissional ou científico.",t5c5,short,"Um curso de especialização é uma modalidade de curso ministrado pela universidade, com objetivo técnico-profissional, que tem como finalidade o treinamento de graduados de nível superior em setores específicos de um ramo profissional ou científico.","(tensor([0.8095]), tensor([0.7523]), tensor([0.7799]))","{'rouge-1': {'r': 0.425, 'p': 0.5666666666666667, 'f': 0.4857142808163265}, 'rouge-2': {'r': 0.2553191489361702, 'p': 0.35294117647058826, 'f': 0.2962962914250877}, 'rouge-l': {'r': 0.4, 'p': 0.5333333333333333, 'f': 0.45714285224489803}}"
21,21,Quais as atribuições dos colegiados de cursos?,"As atribuições dos Colegiados de Cursos: I coordenar e supervisionar o curso; II receber reclamações e recursos na área do ensino; III apreciar os pedidos de transferência e estudar os casos de equivalência de disciplinas de outras Universidades ou Unidades de Ensino para efeitos de transferência; IV elaborar ou rever o currículo, submetendo-o ao Conselho Coordenador do Ensino da Pesquisa e da Extensão; V propor ao Conselho Coordenador do Ensino da Pesquisa e da Extensão, a organização curricular dos cursos correspondentes; VI emitir parecer sobre os processos relativos a aproveitamento de estudos e adaptação, mediante requerimento dos interessados; VII assegurar a articulação entre o ciclo básico e o ciclo profissional do curso correspondente; VIII estabelecer normas para o desempenho dos professores orientadores; IX emitir parecer sobre recursos ou representações de alunos sobre matéria didática; X aprovar o Plano de Ensino das disciplinas do curso correspondente; XI aprovar a lista de ofertas das disciplinas do curso correspondente para cada período letivo; XII propor aos Departamentos correspondentes os horários mais convenientes para as disciplinas de seu interesse; XIII elaborar seu Regimento, para aprovação pelo Conselho Coordenador do Ensino da Pesquisa e da Extensão.",t5c6,medium,"As atribuições dos Colegiados de Cursos são: coordenar e supervisionar o curso; receber reclamações e recursos na área do ensino; apreciar os pedidos de transferência e estudar os casos de equivalência de disciplinas de outras Universidades ou Unidades de Ensino para efeitos de transferência; elaborar ou rever o currículo, submetendo-o ao Conselho Coordenador do Ensino da Pesquisa e da Extensão; propor ao Conselho Coordenador do Ensino da Pesquisa e da Extensão a organização curricular dos cursos correspondentes; emitir parecer sobre os processos relativos a aproveitamento de estudos e adaptação, mediante requerimento dos interessados; assegurar a articulação entre o ciclo básico e o ciclo profissional do curso correspondente; estabelecer normas para o desempenho dos professores orientadores; emitir parecer sobre recursos ou representações de alunos sobre matéria didática; aprovar o Plano de Ensino das disciplinas do curso correspondente; aprovar a lista de ofertas das disciplinas do curso correspondente para cada período letivo; propor aos Departamentos correspondentes os horários mais convenientes para as disciplinas de seu interesse; elaborar seu Regimento, para aprovação pelo Conselho Coordenador do Ensino da Pesquisa e da Extensão.","(tensor([0.9764]), tensor([0.9610]), tensor([0.9686]))","{'rouge-1': {'r': 0.868421052631579, 'p': 0.9801980198019802, 'f': 0.9209302275764197}, 'rouge-2': {'r': 0.8242424242424242, 'p': 0.8947368421052632, 'f': 0.8580441590462639}, 'rouge-l': {'r': 0.868421052631579, 'p': 0.9801980198019802, 'f': 0.9209302275764197}}"
22,22,Como a universidade estimula a pesquisa?,"A Universidade incentivará a pesquisa por todos os meios a seu alcance, entre os quais os seguintes: I a concessão de bolsas especiais de pesquisa em categorias diversas, principalmente nas de iniciação cientifica; II formação de pessoal em cursos de pós-graduação, próprio ou de outros instituições nacionais e estrangeiras; III concessão de auxílios para execução de projetos específicos; IV realização de convênios com entidades públicas ou privadas, nacionais ou estrangeiras; V intercâmbio com outras instituições científicas, estimulando os contatos entre o professores e o desenvolvimento de projetos comuns. VI divulgação dos resultados das pesquisas realizadas em suas Unidades; VII promoção de congressos, simpósios e seminários, para estudo e debate de temas científicos, bem como participação em iniciativas semelhantes de outras instituições.",t5c7,medium,"A universidade estimula a pesquisa por meio de diversos meios, tais como: concessão de bolsas especiais de pesquisa, formação de pessoal em cursos de pós-graduação, concessão de auxílios para execução de projetos específicos, realização de convênios com entidades públicas ou privadas, intercâmbio com outras instituições científicas, divulgação dos resultados das pesquisas realizadas em suas unidades, promoção de congressos, simpósios e seminários para estudo e debate de temas científicos, bem como participação em iniciativas semelhantes de outras instituições.","(tensor([0.9186]), tensor([0.8332]), tensor([0.8738]))","{'rouge-1': {'r': 0.5714285714285714, 'p': 0.8135593220338984, 'f': 0.6713286664814906}, 'rouge-2': {'r': 0.452991452991453, 'p': 0.7162162162162162, 'f': 0.5549738172429485}, 'rouge-l': {'r': 0.5714285714285714, 'p': 0.8135593220338984, 'f': 0.6713286664814906}}"
23,23,Como entro em um curso de graduação da UFPel?,"A admissão aos cursos de graduação se fará mediante concurso Vestibular, aberto a quantos hajam concluído o segundo grau ou estudos equivalentes.",t6c1,short,"Para entrar em um curso de graduação da UFPel, é necessário realizar um processo seletivo, como o vestibular ou o Sistema de Seleção Unificada (SISU). Após a aprovação nesse processo, o candidato deve efetuar a matrícula na instituição de acordo com as orientações fornecidas pela UFPel.","(tensor([0.5876]), tensor([0.6391]), tensor([0.6122]))","{'rouge-1': {'r': 0.22727272727272727, 'p': 0.125, 'f': 0.1612903180020813}, 'rouge-2': {'r': 0.047619047619047616, 'p': 0.022222222222222223, 'f': 0.030303025964187952}, 'rouge-l': {'r': 0.22727272727272727, 'p': 0.125, 'f': 0.1612903180020813}}"
24,24,Quais os requisitos para matrícula em um curso de pós-graduação?,"Para matricula nos cursos de pós-graduação, além de diploma de curso de graduação exigido por lei, o Conselho Coordenador do Ensino e Pesquisa estabelecera normas, segundo as quais prevaleçam requisitos que assegurem rigorosa seleção intelectual dos candidatos.",t6c1,short,"Os requisitos para matrícula em um curso de pós-graduação são: possuir diploma de curso de graduação exigido por lei e atender às normas estabelecidas pelo Conselho Coordenador do Ensino e Pesquisa, que garantam uma rigorosa seleção intelectual dos candidatos.","(tensor([0.8280]), tensor([0.8245]), tensor([0.8262]))","{'rouge-1': {'r': 0.5294117647058824, 'p': 0.5142857142857142, 'f': 0.5217391254358329}, 'rouge-2': {'r': 0.3888888888888889, 'p': 0.3783783783783784, 'f': 0.38356163883655475}, 'rouge-l': {'r': 0.5, 'p': 0.4857142857142857, 'f': 0.492753618189456}}"
25,25,Como faço minha matrícula?,"As matriculas serão efetuadas na Pró–Reitoria de Graduação e Assistência, antes de cada período letivo, em datas pré-fixadas pela Reitoria obedecendo ao seguinte sistema: I matriculas por disciplinas e/ou atividades, semestrais; II ordenação curricular por meio de um mínimo de pré-requisitos; III controle de integralização curricular através de créditos, conforme dispõe o presente Regimento; IV matricula, de avaliação e registros centralizados; V a escolha do aluno será auxiliada por professor orientador tomando por. base as Listas de Ofertas aprovadas pelo Colegiado de Curso correspondente; VI além de outros elementos que venham a revelar-se necessários, as listas conterão: a) o código e o enunciado de cada disciplina; b) cursos ou ciclos a que se destina; c) pré-requisitos mínimos ou co-requisitos; d) número de créditos respectivos; e) horário das respectivas atividades escolares; f) número máximo e mínimo, de vagas em cada disciplina; VII haverá limites mínimos e máximos para as disciplinas fixadas pelos Colegiados de Curso; VIII O Colegiado de Curso anulará a oferta de qualquer disciplina, que em determinado período não alcance a matrícula de um número mínimo, fixado em cada caso pelo Colegiado de Curso. IX não serão permitidas matriculas em disciplinas de horário total ou parcialmente coincidentes.",t6c2,medium,"A matrícula deve ser feita na Pró-Reitoria de Graduação e Assistência antes de cada período letivo, em datas pré-fixadas pela Reitoria.","(tensor([0.7818]), tensor([0.4903]), tensor([0.6026]))","{'rouge-1': {'r': 0.1044776119402985, 'p': 0.7, 'f': 0.18181817955810425}, 'rouge-2': {'r': 0.05851063829787234, 'p': 0.55, 'f': 0.1057692290310651}, 'rouge-l': {'r': 0.09701492537313433, 'p': 0.65, 'f': 0.16883116657109123}}"
26,26,O que é trancamento de matrícula?,"O aluno poderá trancar a matricula em uma ou mais disciplinas, no decorrer do primeiro terço do período letivo, obedecido o limite mínimo de créditos estabelecidos para o curso, por semestre.",t6c2,short,"Trancamento de matrícula é a possibilidade do aluno interromper temporariamente seus estudos em uma ou mais disciplinas, ou em todas as disciplinas, por um determinado período de tempo, sem perder o vínculo com a instituição de ensino. Durante o período de trancamento, o aluno não participa das atividades acadêmicas e não é avaliado nas disciplinas trancadas.","(tensor([0.5978]), tensor([0.6505]), tensor([0.6231]))","{'rouge-1': {'r': 0.41379310344827586, 'p': 0.27906976744186046, 'f': 0.33333332852237657}, 'rouge-2': {'r': 0.13333333333333333, 'p': 0.07407407407407407, 'f': 0.09523809064625872}, 'rouge-l': {'r': 0.3103448275862069, 'p': 0.20930232558139536, 'f': 0.24999999518904328}}"
27,27,Quanto tempo posso ficar com a matrícula trancada?,"Autorizado o trancamento geral da matricula, por um prazo que não poderá exceder a dois anos, o aluno terá assegurado, no retorno, o direito a matrícula, no mesmo curso inicial , bastando, para isso, requerer readmissão nos prazos estabelecidos",t6c2,short,Você pode ficar com a matrícula trancada por um prazo máximo de dois anos.,"(tensor([0.6985]), tensor([0.5781]), tensor([0.6326]))","{'rouge-1': {'r': 0.14285714285714285, 'p': 0.35714285714285715, 'f': 0.20408162857142864}, 'rouge-2': {'r': 0.05263157894736842, 'p': 0.15384615384615385, 'f': 0.07843136875048076}, 'rouge-l': {'r': 0.11428571428571428, 'p': 0.2857142857142857, 'f': 0.16326530204081643}}"
28,28,Como funcionam as vagas para reopção de curso,"Após o término de cada semestre do ciclo básico a Pró-Reitoria de Graduação e Assistência fará levantamento do número de vagas existentes, em cada Curso e que poderão ser oferecidas a alunos interessados na reopção",t6c3,short,"As vagas para reopção de curso funcionam da seguinte forma: após o término de cada semestre do ciclo básico, a Pró-Reitoria de Graduação e Assistência faz um levantamento do número de vagas existentes em cada curso que podem ser oferecidas aos alunos interessados na reopção. Os Colegiados de Curso, com aprovação do Conselho Coordenador do Ensino e da Pesquisa, podem acrescentar novas vagas para reopção, além das abertas por transferência, desistência e cancelamento. Os alunos interessados devem encaminhar um requerimento à Pró-Reitoria de Graduação e Assistência, dentro do prazo estabelecido no Calendário Escolar, e serão atendidos em ordem de classificação. A classificação é feita considerando apenas as disciplinas integrantes do curso pretendido pelo aluno e cursadas por ele até a data da reopção. A classificação é determinada pela soma dos produtos do valor em crédito da disciplina pelo grau obtido pelo estudante. Em caso de empate na classificação, a decisão é feita pelo Colegiado de Curso. Caso haja recurso, a decisão final é do Conselho Coordenador do Ensino e da Pesquisa.","(tensor([0.5603]), tensor([0.7654]), tensor([0.6470]))","{'rouge-1': {'r': 0.8275862068965517, 'p': 0.22018348623853212, 'f': 0.34782608363684114}, 'rouge-2': {'r': 0.5882352941176471, 'p': 0.12903225806451613, 'f': 0.21164020868956637}, 'rouge-l': {'r': 0.8275862068965517, 'p': 0.22018348623853212, 'f': 0.34782608363684114}}"
29,29,Quais os casos de transferência?,"Ressalvados os casos previstos em lei, de transferência compulsória, a Universidade através do Colegiado de Curso respectivo, poderá aceitar a transferência de alunos provenientes de cursos de graduação idênticos ou equivalentes aos seus, inclusive do estrangeiro. § 1º – A transferência voluntária ficará subordinada à existência de vaga no curso pleiteado. § 2º – A transferência voluntária somente será efetivada antes do início de cada semestre letivo, e dependerá: I de requerimento do interessado; protocolado na Pró-Reitoria de Graduação e Assistência, na época prevista no Calendário Escolar da Universidade; II da existência de vaga no curso pretendido atestada pela Pró-Reitoria de Graduação, atendidas as reopções dos alunos da UFPel III de parecer favorável do Colegiado de Curso, IV da satisfação completa das exigências relativas à documentação pertinente a transferência, constante, no mínimo, dos seguintes documentos; a) histórico escolar, incluindo os resultados do Concurso vestibular b) um exemplar, devidamente autenticado, de cada um dos Programas das disciplinas cursadas, com indicação de duração e carga horária; c) prova de quitação com o serviço militar, quando for o caso; d) atestado de sanidade física e mental; e) comprovante de autorização ou reconhecimento do curso de onde o aluno procede. § 3º – Concedida a transferência, o Colegiado de Curso próprio estabelecerá as condições de matrícula, incluindo, se for o caso, o sistema de recuperação e adaptação. §.4º – Será aceita transferência, independente de vaga, quando se tratar de cônjuge de aluno de pós-graduação.",t6c3,long,Os casos de transferência são os previstos em lei e podem ser compulsórios ou voluntários.,"(tensor([0.6753]), tensor([0.4437]), tensor([0.5355]))","{'rouge-1': {'r': 0.05161290322580645, 'p': 0.5333333333333333, 'f': 0.09411764544982701}, 'rouge-2': {'r': 0.008888888888888889, 'p': 0.14285714285714285, 'f': 0.016736400570718374}, 'rouge-l': {'r': 0.03870967741935484, 'p': 0.4, 'f': 0.07058823368512115}}"
30,30,Como funcionam os currículos plenos dos cursos de graduação?,"Os currículos plenos dos cursos de graduação oferecidos pela UFPel compreenderão: I disciplinas do currículo mínimo, que corresponde as matérias consideradas indispensáveis pelo Conselho Federal de Educação, para a habilitação profissional. Estas matérias serão desdobradas em disciplinas, a critério do Colegiado de cada curso, com aprovação do Conselho Coordenador do Ensino e da Pesquisa; II disciplinas complementares tendo em vista as possibilidades dos Departamentos, são, fixadas pelos Colegiados de Curso, com aprovação do Conselho Coordenador do Ensino e da Pesquisa. Têm como finalidade complementar a formação necessária para a graduação do estudante.",t6c4,medium,"Os currículos plenos dos cursos de graduação da UFPel são compostos por disciplinas do currículo mínimo, que são consideradas indispensáveis para a habilitação profissional e são desdobradas em disciplinas de acordo com o critério do Colegiado de cada curso. Além disso, há disciplinas complementares que visam complementar a formação necessária para a graduação do estudante. Essas disciplinas complementares podem ser obrigatórias ou optativas. A listagem das disciplinas é feita com a utilização de um código aprovado pelo Conselho Coordenador do Ensino e da Pesquisa.","(tensor([0.7608]), tensor([0.7207]), tensor([0.7402]))","{'rouge-1': {'r': 0.5692307692307692, 'p': 0.5967741935483871, 'f': 0.5826771603571207}, 'rouge-2': {'r': 0.4146341463414634, 'p': 0.41975308641975306, 'f': 0.41717790911061764}, 'rouge-l': {'r': 0.5076923076923077, 'p': 0.532258064516129, 'f': 0.5196850343728688}}"
31,31,Como funciona a avaliação do desempenho escolar?,A aprovação em cada disciplina é apurada semestralmente e fica condicionada a freqüência do aluno pelo menos 75% (setenta e cinco por cento) das aulas teóricas e 75% (setenta e cinco por cento) das aulas práticas,t6c5,short,"A avaliação do desempenho escolar é feita através de verificações realizadas ao longo do período, com pelo menos duas verificações com o mesmo peso em cada disciplina. Além disso, podem ser realizadas outras verificações de aula e trabalhos previstos no plano de ensino da disciplina. A média aritmética das verificações constitui a nota semestral, sendo considerado aprovado o aluno que obtiver nota igual ou superior a 7. Os trabalhos escolares recebem graus de zero a dez, admitindo-se a primeira decimal. O aluno que obtiver média semestral inferior a 3 é considerado definitivamente reprovado.","(tensor([0.5306]), tensor([0.6026]), tensor([0.5644]))","{'rouge-1': {'r': 0.46153846153846156, 'p': 0.17391304347826086, 'f': 0.2526315749717452}, 'rouge-2': {'r': 0.10714285714285714, 'p': 0.03333333333333333, 'f': 0.05084745400746937}, 'rouge-l': {'r': 0.3076923076923077, 'p': 0.11594202898550725, 'f': 0.16842104865595575}}"
32,32,Como funciona o exame?,"O aluno que obtiver média semestral inferior a 7,0 (sete) e igual ou superior a 3,0 (três), submeter-se-á a um exame, versando sobre toda a matéria lecionada no período. § 1º – Considerar-se-á aprovado o aluno que, feito o referido exame, obtiver média igual ou superior a 5 (cinco), resultante da divisão por 2 (dois) da soma da nota semestral com a do exame. § 2º – O não comparecimento ao exame importará em atribuição ao aluno, de nota O (zero).",t6c5,short,"O exame consiste em três etapas: exame de títulos, prova didática e prova prática ou escrita. O candidato deve elaborar um programa de estudos e a Comissão Examinadora extrairá uma lista de 10 assuntos, dos quais será sorteado um para a prova. Após o sorteio, o candidato escolhe a modalidade da prova, que pode ser uma aula ou um seminário. A prova de aula tem duração de 40 a 50 minutos, enquanto o seminário não pode exceder 3 horas e deve ter no mínimo 4 participantes. No julgamento da prova didática, cada examinador avalia o plano de aula ou seminário e sua execução, atribuindo uma nota de 0 a 10. A prova escrita é realizada após o sorteio de um ponto da lista de assuntos e o candidato tem 6 horas para redigir a prova, que pode ser manuscrita ou datilografada. Após a leitura da prova para a Comissão Examinadora, é atribuída uma nota de 0 a 10.","(tensor([0.5291]), tensor([0.5499]), tensor([0.5393]))","{'rouge-1': {'r': 0.2413793103448276, 'p': 0.16279069767441862, 'f': 0.19444443963348781}, 'rouge-2': {'r': 0.0, 'p': 0.0, 'f': 0.0}, 'rouge-l': {'r': 0.20689655172413793, 'p': 0.13953488372093023, 'f': 0.16666666185571002}}"
33,33,O que acontece se precisar de recuperação de aulas?,"A titulo de recuperação e atendendo solicitação do Colegiado de Curso aprovada pelo COCEP, poderá o Reitor por Portaria, instituir período especial para ministração de aulas de disciplinas de cursos já instituídos, e, nas quais, o índice de aprovação tenha sido inferior a 70′. (setenta por cento). § 1º – A elaboração do Calendário Escolar será feita de modo a possibilitar o direito de 45 (quarenta e cinco) dias de. férias individuais anuais para o pessoal docente. § 2º Entre os períodos letivos regulares serão executados programas do ensino e pesquisa que assegurem o funcionamento contínuo da Universidade.",t6c6,medium,"Se um estudante precisar de recuperação de aulas devido a ausências decorrentes da participação em atividades como o Projeto Rondon, Campus Avançado de Cárceres ou outras atividades previstas nos artigos mencionados, ele terá direito a uma época especial para a realização das verificações, conforme estabelecido no Art. 196. No entanto, a responsabilidade pela recuperação dos estudos será do próprio estudante.","(tensor([0.6499]), tensor([0.6119]), tensor([0.6303]))","{'rouge-1': {'r': 0.14285714285714285, 'p': 0.21153846153846154, 'f': 0.17054263084670407}, 'rouge-2': {'r': 0.030927835051546393, 'p': 0.05084745762711865, 'f': 0.038461533758218855}, 'rouge-l': {'r': 0.09090909090909091, 'p': 0.1346153846153846, 'f': 0.10852712697073515}}"
34,34,Quais os pontos que o professor deve observar ao orientar o aluno na elaboração do plano de estudo?,"Ao orientar o aluno na elaboração do plano de estudo para fins de matricula, o professor-orientador dedicará especial atenção aos seguintes pontos: I atendimento aos limites mínimo e máximo de créditos, por período; II cumprimento dos pré e co-requisitos; III compatibilidade de horário das atividades escolares; IV prioridade de matricula para as disciplinas pendentes de semestres anteriores ; V escolha adequada de disciplinas a avançar; VI organização de um currículo coerente. Parágrafo Único – Os quatro primeiros incisos são de cumprimento obrigatório, sendo os demais facultativos.",t6c7,medium,"O professor deve observar os seguintes pontos ao orientar o aluno na elaboração do plano de estudo: 
- Atendimento aos limites mínimo e máximo de créditos, por período;
- Cumprimento dos pré e co-requisitos;
- Compatibilidade de horário das atividades escolares;
- Prioridade de matrícula para as disciplinas pendentes de semestres anteriores;
- Escolha adequada de disciplinas a avançar;
- Organização de um currículo coerente.","(tensor([0.8605]), tensor([0.7891]), tensor([0.8233]))","{'rouge-1': {'r': 0.5, 'p': 0.6923076923076923, 'f': 0.5806451564203955}, 'rouge-2': {'r': 0.4, 'p': 0.53125, 'f': 0.4563758340254944}, 'rouge-l': {'r': 0.4861111111111111, 'p': 0.6730769230769231, 'f': 0.5645161241623309}}"
35,35,Como é feita a contratação de pessoal administrativo?,"É Obrigatória a realização de concurso público, para a contratação de pessoal administrativo",t7c1,short,"A contratação de pessoal administrativo é feita por meio de concurso público, conforme estabelecido no Art. 216 do Regimento. A Pró-Reitoria Administrativa organiza os testes seletivos, especificando provas e matérias, para cada caso, mediante Edital aprovado pelo Reitor, que é afixado em quadro de avisos da Reitoria e publicado na imprensa local.","(tensor([0.6043]), tensor([0.7556]), tensor([0.6715]))","{'rouge-1': {'r': 0.6363636363636364, 'p': 0.14893617021276595, 'f': 0.24137930727110585}, 'rouge-2': {'r': 0.4166666666666667, 'p': 0.09803921568627451, 'f': 0.15873015564625853}, 'rouge-l': {'r': 0.45454545454545453, 'p': 0.10638297872340426, 'f': 0.17241379002972657}}"
36,36,O que é corpo docente,"Entende-se por corpo docente o conjunto constituído por quantos exerçam atividades de ensino e pesquisa, nos termos do Estatuto e deste Regimento",t7c2,short,"O corpo docente é o conjunto de pessoas que exercem atividades de ensino e pesquisa em uma instituição de ensino, de acordo com o Estatuto e o Regimento da instituição.","(tensor([0.6999]), tensor([0.7427]), tensor([0.7207]))","{'rouge-1': {'r': 0.5, 'p': 0.43478260869565216, 'f': 0.465116274094105}, 'rouge-2': {'r': 0.2857142857142857, 'p': 0.20689655172413793, 'f': 0.2399999951280001}, 'rouge-l': {'r': 0.5, 'p': 0.43478260869565216, 'f': 0.465116274094105}}"
37,37,O que é corpo docente,"Entende-se por corpo docente o conjunto constituído por quantos exerçam atividades de ensino e pesquisa, nos termos do Estatuto e deste Regimento",t7c2,short,"O corpo docente é o conjunto de pessoas que exercem atividades de ensino e pesquisa em uma instituição de ensino, de acordo com o Estatuto e o Regimento da instituição.","(tensor([0.6999]), tensor([0.7427]), tensor([0.7207]))","{'rouge-1': {'r': 0.5, 'p': 0.43478260869565216, 'f': 0.465116274094105}, 'rouge-2': {'r': 0.2857142857142857, 'p': 0.20689655172413793, 'f': 0.2399999951280001}, 'rouge-l': {'r': 0.5, 'p': 0.43478260869565216, 'f': 0.465116274094105}}"
38,38,Como são preenchidos os cargos de magistério superior?,"Os cargos e funções do magistério superior da Universidade serão preenchidos com observância dos seguintes princípios: ºI os cargos e funções do magistério serão vinculados a campos específicos de conhecimento; II serão considerados em caráter preferencial, para o ingresso nos cargos e funções, os títulos universitários e o teor cientifico dos trabalhos dos candidatos; III o diploma de Doutor, obtido em cursos credenciados ou em concurso público ou em cursos no exterior considerados de excelência pelo Conselho Coordenador do Ensino e da Pesquisa e o título de Docente Livre asseguram o direito inscrição para provimento de qualquer cargo ou função na carreira do magistério; IV durante 3 (três) anos a partir da vigência da Lei nº 6.182, de 11 de dezembro de 1974, poderão inscrever-se para provimento de cargos ou empregos de Professor Assistente os candidatos que, não dispondo título de Mestre, contém, pelo menos, 3(três) anos de estágio probatório como Auxiliar de Ensino. Decorrido o prazo acima, será exigido dos candidatos as funções de Professor Assistente o curso de aperfeiçoamento ou especialização, constituindo títulos preferenciais o diploma de Mestre e o estágio probatório de 2 (dois) anos. Após 6 (seis) anos da data de aprovação do presente Regimento pelo Conselho Federal de Educação, será exigido, para. o concurso de professor, o título de Mestre obtido em curso credenciado. V o provimento de cargos e empregos da classe de Professor Adjunto far-se-á no limite de até 50% (cinqüenta por cento) das vagas para ingresso mediante concurso público de e provas, observada a legislação vigente. E, nas vagas restantes, por progressão funcional, observada, quanto a estes últimos, a titulação de Mestre ou, preferencialmente, de Doutor. VI a admissão no cargo de Professor titular será feita mediante concurso público de títulos e provas, aberto aos professores adjuntos e aos portadores de diploma de Doutor, obtido em curso credenciado, ou livre Docente; VII o Auxiliar de Ensino, com o título de Doutor, perceberá como professor assistente, obrigando-se à inscrição no concurso imediato que se realizar, na sua área de: VIII o professor assistente, com o título de Doutor, perceberá como professor adjunto, até a realização de concurso em sua área de conhecimento, observadas as prescrições legais.",t7c2,long,"Os cargos e funções do magistério superior são preenchidos com observância dos seguintes princípios: os cargos e funções são vinculados a campos específicos de conhecimento; são considerados em caráter preferencial, para o ingresso nos cargos e funções, os títulos universitários e o teor científico dos trabalhos dos candidatos; o diploma de Doutor, obtido em cursos credenciados ou em concurso público ou em cursos no exterior considerados de excelência pelo Conselho Coordenador do Ensino e da Pesquisa, e o título de Docente Livre asseguram o direito de inscrição para provimento de qualquer cargo ou função na carreira do magistério.","(tensor([0.8560]), tensor([0.6958]), tensor([0.7676]))","{'rouge-1': {'r': 0.328042328042328, 'p': 0.9538461538461539, 'f': 0.48818897256959515}, 'rouge-2': {'r': 0.24437299035369775, 'p': 0.8444444444444444, 'f': 0.3790523655959852}, 'rouge-l': {'r': 0.328042328042328, 'p': 0.9538461538461539, 'f': 0.48818897256959515}}"
39,39,Quais as funções do pessoal técnico e administrativo?,As atividades não especificamente relacionadas com o ensino e a pesquisa serão desempenhadas por pessoal técnico e administrativo de diversas categorias profissionais,t7c3,short,"As funções do pessoal técnico e administrativo são desempenhar atividades não especificamente relacionadas com o ensino e a pesquisa, como serviços de pessoal e administração, coordenação do trabalho do pessoal docente, atribuição de encargos de ensino, pesquisa e extensão, adoção de providências de ordem didática, científica e administrativa, entre outras.","(tensor([0.6308]), tensor([0.7548]), tensor([0.6873]))","{'rouge-1': {'r': 0.7142857142857143, 'p': 0.39473684210526316, 'f': 0.5084745716862972}, 'rouge-2': {'r': 0.5238095238095238, 'p': 0.22916666666666666, 'f': 0.31884057547574046}, 'rouge-l': {'r': 0.5714285714285714, 'p': 0.3157894736842105, 'f': 0.40677965643205977}}"
40,40,Quais as exigências para um professor assistente?,"No ato de inscrição, o candidato apresentara, além de satisfazer outras exigências legais, estatutárias ou regimentais: I diploma de curso superior no qual figure a área de conhecimento em concurso; II prova de haver satisfeito integralmente o disposto no inciso IV do artigo 222 deste Regimento; III certificado de sanidade física e mental expedido por junta médica oficial da Universidade; IV prova de ser brasileiro nato ou naturalizado; V atestado de idoneidade moral, firmado por 2 (dois) professores universitários; VI relação documentada de seus títulos e trabalhos publicados; VII prova de quitação com o serviço militar no caso de candidato do sexo masculino; VIII certidão negativa da Justiça Federal e da Justiça Estadual; IX título de eleitor; X recibo de pagamento da taxa de inscrição.",t8c1,medium,"As exigências para um professor assistente são: 
- Possuir o título de Doutor, obtido em cursos credenciados ou em concurso público ou em cursos no exterior considerados de excelência pelo Conselho Coordenador do Ensino e da Pesquisa; 
- Ter realizado pelo menos 3 anos de estágio probatório como Auxiliar de Ensino, caso não possua o título de Mestre. Após 6 anos da aprovação do Regimento pelo Conselho Federal de Educação, será exigido o título de Mestre obtido em curso credenciado.","(tensor([0.5755]), tensor([0.5755]), tensor([0.5755]))","{'rouge-1': {'r': 0.1368421052631579, 'p': 0.23214285714285715, 'f': 0.1721854257971143}, 'rouge-2': {'r': 0.01652892561983471, 'p': 0.02857142857142857, 'f': 0.020942403733451322}, 'rouge-l': {'r': 0.09473684210526316, 'p': 0.16071428571428573, 'f': 0.11920529334678323}}"
41,41,Como será composta a comissão examinadora do concurso para professor assistente?,"A Comissão Examinadora do concurso para provimento do cargo de professor assistente será constituída de 3 (três) professores, podendo um ser de idêntica categoria da vaga a preencher e os outros dois obrigatoriamente de categoria superior indicados pelo Departamento com o parecer do Conselho Departamental, aprovados pelo Conselho Coordenador do Ensino o da Pesquisa e nomeados pelo Reitor.",t8c2,short,"A comissão examinadora do concurso para professor assistente será composta por 3 (três) professores, sendo um de idêntica categoria da vaga a preencher e os outros dois obrigatoriamente de categoria superior indicados pelo Departamento com o parecer do Conselho Departamental, aprovados pelo Conselho Coordenador do Ensino e da Pesquisa e nomeados pelo Reitor.","(tensor([0.9594]), tensor([0.9430]), tensor([0.9511]))","{'rouge-1': {'r': 0.8444444444444444, 'p': 0.8837209302325582, 'f': 0.8636363586389464}, 'rouge-2': {'r': 0.7017543859649122, 'p': 0.7692307692307693, 'f': 0.7339449491389615}, 'rouge-l': {'r': 0.8444444444444444, 'p': 0.8837209302325582, 'f': 0.8636363586389464}}"
42,42,Quais são os graus acadêmicos?,São graus acadêmicos: I título de Livre-Docente; II diploma de Doutor; III diploma de Mestre; IV diplomas de graduação em cursos superiores.,t8c3,short,Os graus acadêmicos mencionados no contexto são mestre e doutor.,"(tensor([0.7252]), tensor([0.5864]), tensor([0.6485]))","{'rouge-1': {'r': 0.05555555555555555, 'p': 0.1, 'f': 0.071428566836735}, 'rouge-2': {'r': 0.0, 'p': 0.0, 'f': 0.0}, 'rouge-l': {'r': 0.05555555555555555, 'p': 0.1, 'f': 0.071428566836735}}"
43,43,Como funciona o concurso para professor assistente?,"O Concurso constará de: I exame de títulos; II prova didática; III realização de uma prova prática ou escrita, mediante aprovação do Departamento, homologada pelo Conselho Departamental e pelo Conselho Coordenador do Ensino e da Pesquisa. Parágrafo Único – Com a aprovação do Departamento, homologada pelo Conselho Coordenador do Ensino e da Pesquisa, poderá incluir-se uma prova de entrevista.",t8c4,short,"O concurso para professor assistente funciona da seguinte forma: a Comissão Examinadora do concurso é constituída por 3 professores, sendo um deles da mesma categoria da vaga a ser preenchida e os outros dois obrigatoriamente de categoria superior, indicados pelo Departamento e aprovados pelo Conselho Coordenador do Ensino e da Pesquisa. Caso não seja possível constituir a Comissão Examinadora com professores da própria Unidade, podem ser indicados professores de outras Unidades da mesma Universidade ou da mesma área de conhecimento de outras Universidades. O concurso consiste em provas de títulos, prova didática e prova prática ou escrita, com pesos atribuídos a cada uma delas.","(tensor([0.5903]), tensor([0.6565]), tensor([0.6216]))","{'rouge-1': {'r': 0.41025641025641024, 'p': 0.22535211267605634, 'f': 0.29090908633223145}, 'rouge-2': {'r': 0.21739130434782608, 'p': 0.10309278350515463, 'f': 0.13986013549611243}, 'rouge-l': {'r': 0.38461538461538464, 'p': 0.2112676056338028, 'f': 0.27272726815041326}}"
44,44,Como funciona a prova didática para professor assistente?,"Do programa publicado no Edital, a Comissão Examinadora extrairá uma lista de 10 (dez) assuntos, que será apresentada ao candidato logo após a sua elaboração e imediatamente sorteado um assunto sobre o qual versará a prova, que será realizada 24 (vinte e quatro) horas após. § 1º – Logo após o sorteio do assunto, o candidato deverá fazer sua escolha sobre a modalidade da prova. § 2º – Se em forma de aula, a prova terá duração de 40 (quarenta) a 50 (cinqüenta) minutos. § 3º – No caso de substituir-se a aula por seminário este não poderá exceder de 3 (três) horas, ficando a cargo do candidato a escolha dos participantes, cujo numero não poderá, ser inferior a 4 (quatro). § 4º – Ao inicio da prova o candidato submeterá a Comissão Examinadora o plano de aula ou do seminário, assim como a nominata dos participantes. § 5º – No caso de mais de um candidato, os restantes permanecerão incomunicáveis em saia reservada.",t8c5,medium,"A prova didática para professor assistente tem como objetivo avaliar a aptidão do candidato para o magistério. O candidato pode optar por realizar a prova na forma de um seminário. Durante a prova, cada examinador levará em conta o plano de aula ou de seminário e sua execução. Cada examinador atribuirá uma nota de 0 (zero) a 10 (dez), que será guardada em uma sobrecarta individual fechada e rubricada por todos os membros da Comissão Examinadora.","(tensor([0.6271]), tensor([0.5549]), tensor([0.5888]))","{'rouge-1': {'r': 0.23853211009174313, 'p': 0.43333333333333335, 'f': 0.3076923031126362}, 'rouge-2': {'r': 0.07096774193548387, 'p': 0.14666666666666667, 'f': 0.0956521695179586}, 'rouge-l': {'r': 0.2018348623853211, 'p': 0.36666666666666664, 'f': 0.26035502500612734}}"
45,45,Como funciona a prova escrita para professor assistente?,"A prova escrita versará sobre um ponto sorteado da lista de 10 (dez) assuntos do programa de concurso constante do Edital e visará aferir o conhecimento do candidato sobre o tema proposto, bem como sua capacidade para organizar seu ensino.",t8c6,short,"A prova escrita para professor assistente funciona da seguinte forma: após o sorteio de um ponto da lista de 10 assuntos do programa de concurso, o candidato terá um tempo máximo de 6 horas para redigir a prova, que pode ser manuscrita ou datilografada. Após a conclusão da prova, o candidato fará a leitura para a Comissão Examinadora, que atribuirá uma nota de 0 a 10.","(tensor([0.6295]), tensor([0.6950]), tensor([0.6606]))","{'rouge-1': {'r': 0.42857142857142855, 'p': 0.3191489361702128, 'f': 0.3658536536436645}, 'rouge-2': {'r': 0.23076923076923078, 'p': 0.140625, 'f': 0.17475727684795941}, 'rouge-l': {'r': 0.42857142857142855, 'p': 0.3191489361702128, 'f': 0.3658536536436645}}"
46,46,Como funciona a prova prática para professor assistente?,"A Comissão do concurso organizara uma lista de 10(dez) assuntos para a prova prática, e, em seguida, admitirá no local os candidatos",t8c7,short,"A prova prática para professor assistente é reservada e pode ser assistida pelos membros do Conselho Departamental e do Conselho Coordenador do Ensino e da Pesquisa. A prova abrange várias partes, de acordo com o material existente na Unidade, e os assuntos são tirados do programa publicado no Edital. A Comissão do concurso organiza uma lista de 10 assuntos para a prova prática e os candidatos são admitidos no local. O primeiro candidato inscrito é conservado na sala, enquanto os demais são recolhidos a uma sala incomunicável com o local das provas.","(tensor([0.6014]), tensor([0.7290]), tensor([0.6591]))","{'rouge-1': {'r': 0.6818181818181818, 'p': 0.23809523809523808, 'f': 0.35294117263391006}, 'rouge-2': {'r': 0.47619047619047616, 'p': 0.11627906976744186, 'f': 0.18691588469560663}, 'rouge-l': {'r': 0.6818181818181818, 'p': 0.23809523809523808, 'f': 0.35294117263391006}}"
47,47,O que é necessário para ser professor adjunto?,"O cargo de Professor Adjunto será provido mediante Concurso Público de Títulos e Provas, a que poderão candidatar-se professores assistentes concursados, os restruturados e os reenquadrados pelos Decretos nº 60.906, de 28/06167, 65.878, de 16/12/69 e decreto-lei nº 465, de II.02.69, e os portadores de diploma de Doutor , obtido em concurso à livre-docência ou conferido por curso credenciado Pelo Conselho Federal de Educação ou considerado centro de excelência, pelo Conselho Nacional de Pesquisa, ou ainda, em cursos estrangeiros idôneos, a juízo do Conselho Coordenador do Ensino e da Pesquisa, observado o disposto no inciso V do artigo 222 deste Regimento.§ 1º – Ao concurso referido neste artigo, serão aplicadas as determinações do Titulo VIII deste Regimento, com as alterações do presente Título. § 2º – Considera -se título válido a atividade administrativa exercida em qualquer órgão universitário e que implique em função executiva , normativa deliberativa ou consultiva.§ 3º – No julgamento desses títulos, serão levados em conta o conceito da instituição universitária em que a atividade se processou, sua hierarquia e duração.",t9c1,medium,"Para ser professor adjunto, é necessário ingressar mediante concurso público de títulos e provas, observando a legislação vigente. Além disso, é possível também ser promovido por progressão funcional, desde que possua a titulação de Mestre ou, preferencialmente, de Doutor.","(tensor([0.6768]), tensor([0.5589]), tensor([0.6122]))","{'rouge-1': {'r': 0.06153846153846154, 'p': 0.23529411764705882, 'f': 0.09756097232302213}, 'rouge-2': {'r': 0.005649717514124294, 'p': 0.02631578947368421, 'f': 0.009302322671282682}, 'rouge-l': {'r': 0.05384615384615385, 'p': 0.20588235294117646, 'f': 0.08536585037180264}}"
48,48,Como funciona o concurso para professor titular?,"O concurso constará de: I exame de títulos – peso 5 (cinco); II defesa de tese – peso 2 (dois); III prova didática – peso 2 (dois); IV realização de uma ou mais das seguintes provas, mediante aprovação do Departamento, referendada pelo Conselho Departamental e aprovada pelo COCEP, consideradas as peculiaridades de área: a) prova prática ou escrita; b) prova de entrevista.",t9c2,short,"O concurso para professor titular é público e consiste em uma avaliação de títulos e provas. Podem se inscrever professores titulares, adjuntos, livre-docentes titulados pelas universidades brasileiras, estabelecimentos isolados de ensino superior ou especialistas de alta qualificação na área de conhecimento do concurso. A validade dos títulos de Doutor obtidos no exterior depende da aprovação do Conselho Coordenador do Ensino e da Pesquisa. Além disso, é concedido o privilégio da alta qualificação técnico-científica aos candidatos que possuem publicações, trabalhos científicos ou artísticos que os identifiquem como especialistas de excepcional mérito na área de conhecimento em concurso.","(tensor([0.5865]), tensor([0.5898]), tensor([0.5882]))","{'rouge-1': {'r': 0.20833333333333334, 'p': 0.14084507042253522, 'f': 0.16806722207753705}, 'rouge-2': {'r': 0.05263157894736842, 'p': 0.03333333333333333, 'f': 0.04081632178259114}, 'rouge-l': {'r': 0.1875, 'p': 0.1267605633802817, 'f': 0.15126049938846142}}"
49,49,Como são concedidas as bolsas de estudo?,"Aos alunos que demonstrarem efetivo aproveitamento e provarem a carência ou insuficiência de recursos, serão concedidas bolsas de estudo, na medida das disponibilidades orçamentárias, na forma da legislação em vigor.",t12c1,short,"As bolsas de estudo são concedidas aos alunos que demonstrarem efetivo aproveitamento e provarem a carência ou insuficiência de recursos, de acordo com a disponibilidade orçamentária e a legislação em vigor.","(tensor([0.8985]), tensor([0.8867]), tensor([0.8926]))","{'rouge-1': {'r': 0.6428571428571429, 'p': 0.6923076923076923, 'f': 0.6666666616735254}, 'rouge-2': {'r': 0.5172413793103449, 'p': 0.5, 'f': 0.508474571272623}, 'rouge-l': {'r': 0.5714285714285714, 'p': 0.6153846153846154, 'f': 0.5925925875994514}}"
50,50,Quem administra o patrimônio da faculdade?,"Aos alunos que demonstrarem efetivo aproveitamento e provarem a carência ou insuficiência de recursos, serão concedidas bolsas de estudo, na medida das disponibilidades orçamentárias, na forma da legislação em vigor.",t13c1,short,O patrimônio da faculdade é administrado pelo Reitor.,"(tensor([0.6692]), tensor([0.5465]), tensor([0.6017]))","{'rouge-1': {'r': 0.03571428571428571, 'p': 0.125, 'f': 0.05555555209876565}, 'rouge-2': {'r': 0.0, 'p': 0.0, 'f': 0.0}, 'rouge-l': {'r': 0.03571428571428571, 'p': 0.125, 'f': 0.05555555209876565}}"
51,51,Quais são os recursos financeiros?,"São recursos financeiros: I as dotações consignadas obrigatoriamente em cada exercício financeiro, no Orçamento da União; II as dotações que, a qualquer título, forem destinadas no, orçamentos dos Estados, Distrito Federal, territórios e municípios; III as dotações e ajudas financeiras de qualquer origem; IV o produto de financiamento e empréstimo; V as dotações e contribuições oriundas de convênios, acordos ou contratos, celebrados com pessoas naturais ou jurídicas, entidades públicas e privadas, nacionais, estrangeiras ou multinacionais ; VI os saldos de exercícios financeiros encerrados; VII as rendas e aplicação de bens e valores patrimoniais; VIII as rendas de sua atividade educacional, industrial, de prestação de serviços ou assistência; IX anuidades, taxas e outros emolumentos, resultantes de inscrições, matriculas e freqüências; X os fundos especiais; XI contribuições, taxas e emolumentos; XII as rendas eventuais de qualquer natureza.",t13c2,medium,"Os recursos financeiros são: 
- As dotações consignadas obrigatoriamente em cada exercício financeiro, no Orçamento da União;
- As dotações que, a qualquer título, forem destinadas nos orçamentos dos Estados, Distrito Federal, territórios e municípios;
- As dotações e ajudas financeiras de qualquer origem;
- O produto de financiamento e empréstimo;
- As dotações e contribuições oriundas de convênios, acordos ou contratos, celebrados com pessoas naturais ou jurídicas, entidades públicas e privadas, nacionais, estrangeiras ou multinacionais;
- Os saldos de exercícios financeiros encerrados;
- As rendas e aplicação de bens e valores patrimoniais;
- As rendas de sua atividade educacional, industrial, de prestação de serviços ou assistência;
- Anuidades, taxas e outros emolumentos, resultantes de inscrições, matrículas e frequências;
- Os fundos especiais;
- Contribuições, taxas e emolumentos;
- As rendas eventuais de qualquer natureza.","(tensor([0.9183]), tensor([0.9275]), tensor([0.9228]))","{'rouge-1': {'r': 0.7575757575757576, 'p': 0.872093023255814, 'f': 0.8108108058355005}, 'rouge-2': {'r': 0.6825396825396826, 'p': 0.7226890756302521, 'f': 0.7020408113306124}, 'rouge-l': {'r': 0.7575757575757576, 'p': 0.872093023255814, 'f': 0.8108108058355005}}"
52,52,A quem cabe fazer a prestação anual de contas?,"A Reitoria caberá fazer a prestação anual de contas ao Conselho Diretor da Fundação e ao Ministério da Educação e Cultura, para posterior apreciação pelo Tribunal de Contas da União. Parágrafo Único – A Reitoria poderá contratar serviços especializados para trabalhos de auditoria interna.",t13c2,short,Não há informações no contexto fornecido sobre quem é responsável pela prestação anual de contas.,"(tensor([0.6791]), tensor([0.6119]), tensor([0.6438]))","{'rouge-1': {'r': 0.11428571428571428, 'p': 0.26666666666666666, 'f': 0.15999999580000013}, 'rouge-2': {'r': 0.07142857142857142, 'p': 0.21428571428571427, 'f': 0.10714285339285727}, 'rouge-l': {'r': 0.11428571428571428, 'p': 0.26666666666666666, 'f': 0.15999999580000013}}"
53,53,Em que casos será aplicada a pena de advertência para o corpo docente?,"A pena de advertência será aplicada nos seguintes casos: I negligência no exercício da função; II descumprimento das determinações e instruções dos órgãos da administração da Universidade a que esteja subordinado o infrator; III prática de ato reprovável. Parágrafo Único – A advertência será feita verbalmente ou por escrito, sempre de forma reservada.",t14c1,short,"A pena de advertência será aplicada ao corpo docente nos seguintes casos: negligência no exercício da função, descumprimento das determinações e instruções dos órgãos da administração da Universidade a que esteja subordinado o infrator e prática de ato reprovável.","(tensor([0.9091]), tensor([0.8171]), tensor([0.8606]))","{'rouge-1': {'r': 0.6521739130434783, 'p': 0.8571428571428571, 'f': 0.7407407358329523}, 'rouge-2': {'r': 0.5490196078431373, 'p': 0.7368421052631579, 'f': 0.629213478252746}, 'rouge-l': {'r': 0.6521739130434783, 'p': 0.8571428571428571, 'f': 0.7407407358329523}}"
54,54,Em que casos será aplicada a pena de advertência para o corpo discente?,"As sanções previstas no artigo anterior serão aplicadas nos seguintes casos: I Advertência: a) por desrespeito ou desobediência ao Reitor, ao vice-reitor. aos Pró-Reitores, ao Diretor de Unidade, ao Chefe de Departamento, a qualquer membro do corpo docente, autoridade, funcionário ou servidor da Universidade; b) perturbação da ordem em área sob a jurisdição da Universidade; c) por dano material causado ao patrimônio da Universidade, sem prejuízo da obrigação de ressarcimento. II Repreensão: a) por reincidência em qualquer das faltas capituladas nas alíneas anteriores; b) por ofensas ou agressão a outro aluno; c) porte de arma de qualquer natureza; III Suspensão de atividades escolares: a) em caso de reincidência em qualquer das faltas capituladas nos itens anteriores; b) por improbidade na execução de trabalhos escolares; c) por divulgação ou fixação de cartazes, documentos, publicações ou faixas ofensivas a autoridades, pessoas ou instituições nacionais ou estrangeiras; d) por convocação ou realização de reuniões do corpo discente no recinto da Unidade, sem autorização prévia do Diretor; e) por ofensa moral ao Reitor, ao vice-reitor, aos Pró-Reitores, ao Diretor de Unidade, ao Chefe de Departamento, a qualquer membro do corpo docente, autoridade, funcionário ou servidor da Universidade. IV Exclusão: a) pela prática de atos incompatíveis com a moralidade ou a dignidade da vida universitária, b) por desacato ao Reitor, ao vice-reitor, aos Pró-Reitores, ao Diretor de Unidade, ao Chefe de Departamento, a qualquer membro do corpo docente, autoridade, funcionário ou servidor da Universidade; c) por prática de atos atentatórios à ordem pública ou à segurança nacional, nos termos da lei; d) por condenação definitiva em juízo criminal, por crime incompatível com a dignidade da vida universitária.",t14c2,long,"A pena de advertência para o corpo discente será aplicada nos seguintes casos: negligência no exercício da função, descumprimento das determinações e instruções dos órgãos da administração da Universidade a que esteja subordinado o infrator e prática de ato reprovável.","(tensor([0.7389]), tensor([0.5441]), tensor([0.6267]))","{'rouge-1': {'r': 0.08888888888888889, 'p': 0.34285714285714286, 'f': 0.14117646731833916}, 'rouge-2': {'r': 0.024630541871921183, 'p': 0.1282051282051282, 'f': 0.041322311345878195}, 'rouge-l': {'r': 0.06666666666666667, 'p': 0.2571428571428571, 'f': 0.10588234967128038}}"
55,55,Quais os títulos e dignidades universitárias?,"Haverá os seguintes títulos e dignidades universitárias: I Doutor “Honoris Causa”, destinado a personalidades que se hajam distinguido pelos relevantes serviços prestados a causa da educação e dos princípios fundamentais da nacionalidade; II Professor “Honoris Causa”, destinado a professores e cientistas insignes, alheios à Universidade, que tenham contribuído para o desenvolvimento do ensino e pesquisa; III Professor Emérito, destinado aos professores aposentados que tenham, alcançado posição eminente na Universidade; IV Medalha do Mérito Universitário, destinada a premiar quantos, dentro ou fora da Universidade, se tenham salientado por relevantes serviços prestados à instituição ou aos órgãos de que se originou; V Medalha do Mérito Administrativo, para seus ,funcionários que se houverem distinguido por relevantes serviços prestados no exercício de suas funções; VI Colar da Universidade, que acompanhará a concessão do título de Professor “Honoris Causa” e Doutor “Honoris Causa”; VII Grande Colar da Universidade, destinado aos professores da Universidade que se hajam distinguido na causa da educação ou em grandes serviços prestados a Nação.",t15c1,medium,"Os títulos e dignidades universitárias são: Doutor ""Honoris Causa"", Professor ""Honoris Causa"", Professor Emérito, Medalha do Mérito Universitário, Medalha do Mérito Administrativo, Colar da Universidade e Grande Colar da Universidade.","(tensor([0.7550]), tensor([0.5354]), tensor([0.6265]))","{'rouge-1': {'r': 0.16129032258064516, 'p': 0.75, 'f': 0.2654867227504112}, 'rouge-2': {'r': 0.07407407407407407, 'p': 0.43478260869565216, 'f': 0.12658227599343055}, 'rouge-l': {'r': 0.16129032258064516, 'p': 0.75, 'f': 0.2654867227504112}}"
56,56,Há um estímulo para a solidariedade universitária?,"A Universidade estimulará a solidariedade universitária, desenvolvendo a assistência social, autorizando a criação e funcionamento das entidades que congregam os que nela trabalhar, ou estudam, bem. como os egressos de seus quadros ou de seus cursos.",t16c1,short,"Sim, de acordo com o Art. 340, a Universidade estimulará a solidariedade universitária, desenvolvendo a assistência social e autorizando a criação e funcionamento de entidades que congregam os que trabalham ou estudam na universidade, bem como os egressos de seus quadros ou cursos.","(tensor([0.8854]), tensor([0.9153]), tensor([0.9001]))","{'rouge-1': {'r': 0.7931034482758621, 'p': 0.6764705882352942, 'f': 0.7301587251902243}, 'rouge-2': {'r': 0.6470588235294118, 'p': 0.5238095238095238, 'f': 0.5789473634764544}, 'rouge-l': {'r': 0.7931034482758621, 'p': 0.6764705882352942, 'f': 0.7301587251902243}}"
57,57,Como funciona o intercâmbio com outras instituições?,"A Universidade articular-se-á com instituições nacionais, estrangeiras, internacionais e multinacionais, para o intercâmbio de professores e outros propósitos relacionados com os seus objetivos e funções.",t17c1,short,"O intercâmbio com outras instituições funciona por meio de articulação da Universidade com instituições nacionais, estrangeiras, internacionais e multinacionais. Esse intercâmbio pode envolver o intercâmbio de professores e outros propósitos relacionados com os objetivos e funções da Universidade.","(tensor([0.7635]), tensor([0.8217]), tensor([0.7916]))","{'rouge-1': {'r': 0.7727272727272727, 'p': 0.6071428571428571, 'f': 0.679999995072}, 'rouge-2': {'r': 0.6666666666666666, 'p': 0.4444444444444444, 'f': 0.5333333285333334}, 'rouge-l': {'r': 0.7727272727272727, 'p': 0.6071428571428571, 'f': 0.679999995072}}"
